AccountIdentifier,month_x,month_y
customer1,2019-03,2020-02
customer10,2019-03,2020-02
customer100,2019-06,2020-02
customer1000,2019-05,2019-05
customer1001,2019-07,2020-02
customer1002,2019-06,2019-07
customer1003,2019-03,2019-03
customer1004,2019-12,2019-12
customer1005,2019-03,2019-03
customer1006,2019-07,2019-12
customer1007,2019-05,2019-05
customer1008,2019-04,2019-04
customer1009,2020-01,2020-01
customer101,2019-06,2019-10
customer1010,2020-01,2020-01
customer1011,2019-05,2019-05
customer1012,2020-01,2020-01
customer1013,2019-05,2020-01
customer1014,2019-03,2019-05
customer1015,2019-06,2019-06
customer1016,2019-05,2019-05
customer1017,2019-10,2019-10
customer1018,2020-02,2020-02
customer1019,2019-03,2019-04
customer102,2019-03,2019-11
customer1020,2020-01,2020-01
customer1021,2019-03,2019-03
customer1022,2019-08,2019-08
customer1023,2020-01,2020-02
customer1024,2020-01,2020-01
customer1025,2019-09,2019-09
customer1026,2019-07,2019-07
customer1027,2019-03,2019-03
customer1028,2019-07,2019-07
customer1029,2019-06,2019-06
customer103,2019-03,2020-01
customer1030,2019-07,2019-10
customer1031,2019-08,2019-08
customer1032,2020-02,2020-02
customer1033,2019-12,2020-02
customer1034,2019-04,2019-05
customer1035,2019-04,2019-09
customer1036,2019-04,2019-04
customer1037,2019-11,2019-12
customer1038,2019-04,2019-08
customer1039,2020-02,2020-02
customer104,2019-03,2019-04
customer1040,2019-03,2020-02
customer1041,2019-03,2019-03
customer1042,2020-01,2020-01
customer1043,2019-10,2020-01
customer1044,2019-06,2019-12
customer1045,2019-05,2019-06
customer1046,2019-06,2019-07
customer1047,2019-03,2019-04
customer1048,2019-05,2019-06
customer1049,2019-04,2019-11
customer105,2019-03,2020-02
customer1050,2019-10,2019-10
customer1051,2020-01,2020-02
customer1052,2019-06,2019-06
customer1053,2019-09,2019-09
customer1054,2019-04,2019-04
customer1055,2019-03,2019-03
customer1056,2019-08,2019-08
customer1057,2019-03,2019-03
customer1058,2019-03,2019-03
customer1059,2019-03,2019-11
customer106,2019-07,2019-08
customer1060,2019-11,2020-02
customer1061,2019-04,2020-02
customer1062,2019-08,2019-08
customer1063,2019-07,2019-07
customer1064,2019-12,2019-12
customer1065,2019-04,2019-05
customer1066,2020-02,2020-02
customer1067,2019-05,2019-06
customer1068,2019-08,2019-11
customer1069,2019-07,2020-02
customer107,2019-03,2020-02
customer1070,2019-03,2019-09
customer1071,2019-03,2019-04
customer1072,2019-11,2019-11
customer1073,2019-04,2019-04
customer1074,2019-03,2019-04
customer1075,2020-02,2020-02
customer1076,2019-03,2019-10
customer1077,2019-12,2020-01
customer1078,2019-09,2019-09
customer1079,2019-05,2019-08
customer108,2019-03,2020-01
customer1080,2019-09,2019-10
customer1081,2020-01,2020-01
customer1082,2019-03,2019-06
customer1083,2019-03,2019-03
customer1084,2020-01,2020-01
customer1085,2019-03,2019-12
customer1086,2019-04,2019-04
customer1087,2019-05,2019-06
customer1088,2019-11,2019-11
customer1089,2020-01,2020-01
customer109,2019-03,2020-02
customer1090,2019-03,2019-04
customer1091,2019-11,2020-02
customer1092,2019-11,2020-02
customer1093,2019-03,2020-02
customer1094,2019-03,2019-03
customer1095,2020-02,2020-02
customer1096,2019-03,2019-03
customer1097,2019-05,2019-05
customer1098,2019-03,2019-03
customer1099,2019-03,2019-04
customer11,2019-06,2020-02
customer110,2019-08,2019-08
customer1100,2019-03,2019-04
customer1101,2019-03,2019-07
customer1102,2019-06,2019-06
customer1103,2019-07,2019-07
customer1104,2020-02,2020-02
customer1105,2020-02,2020-02
customer1106,2019-12,2020-01
customer1107,2019-03,2019-06
customer1108,2019-06,2020-02
customer1109,2019-03,2019-09
customer111,2019-03,2020-02
customer1110,2019-03,2019-03
customer1111,2019-05,2019-05
customer1112,2019-03,2019-06
customer1113,2019-06,2019-06
customer1114,2019-03,2020-02
customer1115,2019-10,2020-01
customer1116,2019-10,2019-11
customer1117,2019-05,2019-05
customer1118,2019-04,2019-04
customer1119,2020-01,2020-02
customer112,2019-03,2019-11
customer1120,2019-08,2019-08
customer1121,2019-07,2019-07
customer1122,2019-12,2019-12
customer1123,2019-08,2019-08
customer1124,2019-03,2019-05
customer1125,2019-07,2019-07
customer1126,2019-03,2019-07
customer1127,2019-03,2019-03
customer1128,2019-03,2019-05
customer1129,2019-03,2019-05
customer113,2019-03,2020-01
customer1130,2019-08,2019-08
customer1131,2020-01,2020-01
customer1132,2019-04,2019-06
customer1133,2020-02,2020-02
customer1134,2019-04,2019-09
customer1135,2019-03,2019-03
customer1136,2020-02,2020-02
customer1137,2019-03,2020-02
customer1138,2019-05,2019-05
customer1139,2019-05,2019-05
customer114,2019-11,2020-01
customer1140,2019-03,2019-03
customer1141,2019-03,2019-03
customer1142,2019-12,2020-01
customer1143,2019-03,2019-06
customer1144,2019-05,2019-05
customer1145,2019-03,2019-10
customer1146,2019-12,2019-12
customer1147,2019-03,2019-04
customer1148,2019-09,2019-10
customer1149,2020-01,2020-02
customer115,2019-09,2020-02
customer1150,2019-10,2020-02
customer1151,2019-10,2019-10
customer1152,2020-01,2020-01
customer1153,2019-12,2020-02
customer1154,2019-06,2019-06
customer1155,2019-11,2019-11
customer1156,2019-08,2019-09
customer1157,2019-08,2019-08
customer1158,2019-03,2019-04
customer1159,2019-06,2019-08
customer116,2019-03,2019-12
customer1160,2019-07,2019-07
customer1161,2019-03,2019-03
customer1162,2019-03,2019-03
customer1163,2019-05,2019-11
customer1164,2019-05,2019-05
customer1165,2019-09,2020-02
customer1166,2019-03,2019-03
customer1167,2019-03,2019-03
customer1168,2020-01,2020-01
customer1169,2019-12,2019-12
customer117,2019-03,2019-03
customer1170,2019-04,2019-05
customer1171,2019-05,2020-01
customer1172,2019-06,2019-06
customer1173,2019-03,2019-05
customer1174,2019-04,2019-04
customer1175,2019-03,2019-03
customer1176,2019-03,2019-07
customer1177,2019-03,2019-03
customer1178,2019-12,2019-12
customer1179,2019-08,2019-08
customer118,2019-03,2020-02
customer1180,2019-08,2019-11
customer1181,2019-03,2019-03
customer1182,2019-03,2019-07
customer1183,2019-04,2019-04
customer1184,2019-08,2019-10
customer1185,2019-03,2019-03
customer1186,2019-03,2019-04
customer1187,2019-03,2019-08
customer1188,2019-03,2019-03
customer1189,2019-07,2019-07
customer119,2019-03,2020-02
customer1190,2019-03,2019-03
customer1191,2019-10,2020-01
customer1192,2019-03,2019-03
customer1193,2019-08,2019-09
customer1194,2019-05,2019-06
customer1195,2019-11,2020-02
customer1196,2019-03,2019-03
customer1197,2019-11,2019-12
customer1198,2019-12,2019-12
customer1199,2019-07,2019-07
customer12,2019-03,2020-02
customer120,2019-03,2019-12
customer1200,2019-11,2019-11
customer1201,2019-03,2019-03
customer1202,2020-01,2020-01
customer1203,2019-07,2019-12
customer1204,2019-03,2019-03
customer1205,2019-08,2019-08
customer1206,2020-01,2020-01
customer1207,2019-03,2019-03
customer1208,2019-09,2019-09
customer1209,2019-03,2019-03
customer121,2019-11,2020-02
customer1210,2019-04,2019-09
customer1211,2019-05,2019-05
customer1212,2019-03,2019-03
customer1213,2019-05,2019-08
customer1214,2019-06,2019-07
customer1215,2020-02,2020-02
customer1216,2019-08,2019-08
customer1217,2020-02,2020-02
customer1218,2019-03,2019-03
customer1219,2019-11,2019-11
customer122,2019-03,2020-02
customer1220,2019-05,2019-05
customer1221,2019-04,2019-04
customer1222,2019-08,2019-08
customer1223,2019-06,2019-07
customer1224,2019-03,2019-04
customer1225,2019-09,2019-09
customer1226,2019-10,2020-02
customer1227,2019-11,2019-11
customer1228,2019-03,2019-05
customer1229,2019-04,2019-05
customer123,2019-04,2020-01
customer1230,2019-03,2019-04
customer1231,2019-06,2019-07
customer1232,2019-04,2019-06
customer1233,2019-03,2019-03
customer1234,2019-05,2019-10
customer1235,2019-06,2019-06
customer1236,2019-05,2019-06
customer1237,2019-07,2020-02
customer1238,2020-01,2020-01
customer1239,2019-12,2019-12
customer124,2019-03,2019-09
customer1240,2019-04,2019-06
customer1241,2019-04,2019-05
customer1242,2020-02,2020-02
customer1243,2019-03,2019-03
customer1244,2019-03,2019-03
customer1245,2019-03,2019-06
customer1246,2019-08,2019-08
customer1247,2019-08,2019-08
customer1248,2019-07,2019-07
customer1249,2019-03,2019-03
customer125,2019-03,2020-02
customer1250,2019-03,2019-09
customer1251,2019-04,2019-04
customer1252,2019-06,2019-06
customer1253,2020-01,2020-01
customer1254,2019-03,2019-03
customer1255,2019-03,2019-03
customer1256,2019-03,2019-05
customer1257,2019-03,2020-01
customer1258,2019-03,2019-06
customer1259,2019-08,2019-08
customer126,2019-03,2020-02
customer1260,2019-03,2019-08
customer1261,2020-01,2020-01
customer1262,2019-08,2019-08
customer1263,2019-10,2019-10
customer1264,2020-01,2020-01
customer1265,2019-03,2019-03
customer1266,2019-03,2019-03
customer1267,2019-04,2019-04
customer1268,2019-06,2019-06
customer1269,2019-09,2019-09
customer127,2019-03,2020-02
customer1270,2019-05,2019-05
customer1271,2019-05,2019-05
customer1272,2019-03,2019-05
customer1273,2019-07,2019-07
customer1274,2019-03,2019-04
customer1275,2019-03,2019-06
customer1276,2019-04,2019-06
customer1277,2019-08,2019-08
customer1278,2020-01,2020-01
customer1279,2019-04,2019-05
customer128,2019-07,2020-02
customer1280,2019-09,2019-09
customer1281,2019-03,2019-04
customer1282,2020-01,2020-01
customer1283,2019-04,2019-05
customer1284,2019-09,2019-12
customer1285,2020-01,2020-01
customer1286,2019-03,2019-03
customer1287,2019-05,2019-05
customer1288,2019-10,2019-10
customer1289,2019-04,2019-04
customer129,2019-03,2019-12
customer1291,2019-12,2019-12
customer1292,2019-06,2019-09
customer1293,2019-08,2019-08
customer1294,2019-04,2019-04
customer1295,2019-04,2019-04
customer1296,2019-08,2019-10
customer1297,2019-04,2019-06
customer1298,2019-07,2020-02
customer1299,2020-02,2020-02
customer13,2019-09,2020-01
customer130,2019-03,2019-12
customer1300,2020-01,2020-02
customer1301,2019-03,2019-07
customer1302,2020-02,2020-02
customer1303,2019-05,2019-05
customer1304,2019-11,2019-11
customer1305,2019-04,2019-05
customer1306,2019-03,2020-01
customer1307,2019-07,2019-07
customer1308,2019-06,2019-09
customer1309,2019-12,2019-12
customer131,2019-03,2020-01
customer1310,2019-12,2019-12
customer1311,2019-06,2019-07
customer1312,2020-01,2020-01
customer1313,2019-05,2019-05
customer1314,2019-07,2019-07
customer1315,2019-03,2019-03
customer1316,2019-03,2019-05
customer1317,2019-07,2019-10
customer1318,2019-05,2019-06
customer1319,2020-02,2020-02
customer132,2019-07,2019-07
customer1320,2020-02,2020-02
customer1321,2019-08,2019-11
customer1322,2019-04,2019-04
customer1323,2019-09,2019-09
customer1324,2019-03,2019-04
customer1325,2019-08,2019-08
customer1326,2019-10,2019-10
customer1327,2020-02,2020-02
customer1328,2019-09,2019-09
customer1329,2019-09,2020-02
customer133,2019-05,2019-08
customer1330,2019-03,2019-03
customer1331,2019-03,2019-05
customer1332,2019-10,2019-10
customer1333,2019-05,2019-05
customer1334,2019-03,2019-03
customer1335,2019-07,2019-07
customer1336,2019-03,2019-03
customer1337,2019-03,2019-05
customer1338,2019-07,2019-07
customer1339,2019-03,2019-10
customer134,2019-08,2020-02
customer1340,2019-10,2019-10
customer1341,2019-03,2019-03
customer1342,2019-12,2020-02
customer1343,2019-03,2019-03
customer1344,2019-03,2019-03
customer1345,2020-02,2020-02
customer1346,2019-03,2020-02
customer1347,2019-06,2019-11
customer1348,2019-09,2019-10
customer1349,2019-07,2019-07
customer135,2019-11,2020-02
customer1350,2019-10,2020-01
customer1351,2019-06,2019-06
customer1352,2019-05,2020-02
customer1353,2019-03,2019-03
customer1354,2019-10,2019-10
customer1355,2019-03,2019-03
customer1356,2019-03,2019-03
customer1357,2019-11,2019-12
customer1358,2020-02,2020-02
customer1359,2019-04,2019-04
customer136,2019-03,2019-07
customer1360,2019-06,2019-06
customer1361,2019-03,2019-03
customer1362,2019-04,2019-04
customer1363,2019-03,2019-07
customer1364,2019-03,2020-01
customer1365,2019-07,2019-07
customer1366,2019-08,2019-08
customer1367,2019-04,2019-04
customer1368,2020-01,2020-01
customer1369,2019-11,2020-01
customer137,2019-03,2019-07
customer1370,2019-03,2019-04
customer1371,2019-05,2019-09
customer1372,2019-10,2019-10
customer1373,2020-01,2020-02
customer1374,2019-11,2019-11
customer1375,2020-02,2020-02
customer1376,2019-04,2019-06
customer1377,2019-03,2019-04
customer1378,2019-06,2019-06
customer1379,2020-01,2020-01
customer138,2019-03,2019-08
customer1380,2020-01,2020-01
customer1381,2019-04,2019-04
customer1382,2019-11,2019-11
customer1383,2019-10,2019-10
customer1384,2019-08,2019-09
customer1385,2020-01,2020-01
customer1386,2019-05,2019-05
customer1387,2019-03,2019-03
customer1388,2019-03,2019-03
customer1389,2019-06,2019-06
customer139,2019-03,2020-02
customer1390,2020-01,2020-02
customer1391,2020-02,2020-02
customer1392,2019-06,2019-07
customer1393,2019-03,2019-03
customer1394,2019-10,2019-10
customer1395,2019-08,2019-08
customer1396,2019-03,2019-08
customer1397,2019-04,2019-04
customer1398,2020-01,2020-01
customer1399,2019-12,2020-02
customer14,2019-03,2020-02
customer140,2019-03,2019-05
customer1400,2019-06,2019-07
customer1401,2019-04,2019-04
customer1402,2019-07,2019-07
customer1403,2019-03,2019-03
customer1404,2019-08,2019-08
customer1405,2019-03,2019-09
customer1406,2019-04,2019-04
customer1407,2019-10,2019-10
customer1408,2020-01,2020-01
customer1409,2019-12,2019-12
customer141,2019-03,2020-02
customer1410,2019-04,2019-04
customer1411,2019-06,2019-06
customer1412,2019-05,2019-05
customer1413,2019-03,2019-03
customer1414,2019-12,2020-01
customer1415,2020-01,2020-01
customer1416,2019-06,2019-06
customer1417,2019-12,2019-12
customer1418,2020-01,2020-02
customer1419,2019-03,2019-04
customer142,2019-06,2020-02
customer1420,2019-03,2019-03
customer1421,2019-03,2020-02
customer1422,2019-08,2019-08
customer1423,2019-07,2019-07
customer1424,2020-01,2020-01
customer1425,2019-07,2019-10
customer1426,2019-03,2019-09
customer1427,2020-02,2020-02
customer1428,2019-09,2019-10
customer1429,2019-04,2019-04
customer143,2019-03,2020-02
customer1431,2019-03,2019-05
customer1432,2019-03,2019-05
customer1433,2019-04,2019-06
customer1434,2019-03,2019-05
customer1435,2019-03,2020-02
customer1436,2019-06,2019-06
customer1437,2019-09,2019-09
customer1438,2019-11,2019-12
customer1439,2020-01,2020-01
customer144,2019-03,2019-11
customer1440,2019-08,2019-08
customer1441,2019-05,2019-05
customer1442,2019-04,2019-07
customer1443,2020-01,2020-02
customer1444,2019-05,2019-05
customer1445,2019-07,2019-07
customer1446,2019-09,2019-09
customer1447,2019-12,2019-12
customer1448,2020-02,2020-02
customer1449,2019-03,2020-02
customer145,2019-05,2020-02
customer1450,2019-06,2019-06
customer1451,2019-03,2019-03
customer1452,2019-04,2019-12
customer1453,2019-03,2019-06
customer1454,2019-05,2019-05
customer1455,2019-07,2019-07
customer1456,2019-04,2019-09
customer1457,2019-09,2019-09
customer1458,2020-01,2020-01
customer1459,2019-12,2019-12
customer146,2020-01,2020-02
customer1460,2019-03,2019-03
customer1461,2019-03,2019-03
customer1462,2019-04,2019-06
customer1463,2019-06,2019-06
customer1464,2020-01,2020-01
customer1465,2019-04,2019-08
customer1466,2020-02,2020-02
customer1467,2019-12,2019-12
customer1468,2019-04,2019-04
customer1469,2019-04,2019-08
customer147,2019-03,2020-02
customer1470,2019-11,2019-11
customer1471,2019-03,2019-05
customer1472,2019-03,2019-03
customer1473,2019-06,2019-06
customer1474,2019-05,2020-02
customer1475,2019-03,2019-03
customer1476,2019-10,2019-10
customer1477,2019-07,2019-07
customer1478,2019-07,2019-07
customer1479,2019-09,2019-09
customer148,2019-03,2019-10
customer1480,2019-05,2019-06
customer1481,2020-01,2020-02
customer1482,2019-09,2019-09
customer1483,2019-11,2019-11
customer1484,2019-12,2020-01
customer1485,2019-07,2019-10
customer1486,2019-04,2019-06
customer1487,2019-11,2019-12
customer1488,2019-05,2019-11
customer1489,2019-12,2020-02
customer149,2019-05,2019-07
customer1490,2019-04,2019-07
customer1491,2019-08,2019-08
customer1492,2019-05,2019-06
customer1493,2019-08,2019-08
customer1494,2019-05,2019-05
customer1495,2019-05,2019-05
customer1496,2019-03,2019-03
customer1497,2019-12,2019-12
customer1498,2019-03,2019-03
customer1499,2019-05,2019-05
customer15,2019-05,2020-02
customer150,2019-05,2019-11
customer1500,2020-02,2020-02
customer1501,2019-07,2019-12
customer1502,2019-03,2019-03
customer1503,2019-03,2019-03
customer1504,2019-03,2019-03
customer1505,2019-07,2019-07
customer1506,2019-04,2019-06
customer1507,2019-11,2019-11
customer1508,2020-01,2020-02
customer1509,2019-04,2019-05
customer151,2019-08,2020-02
customer1510,2019-08,2019-08
customer1511,2019-03,2019-03
customer1512,2020-01,2020-01
customer1513,2019-11,2019-11
customer1514,2019-03,2019-05
customer1515,2019-03,2019-03
customer1516,2019-03,2019-03
customer1517,2019-12,2019-12
customer1518,2020-01,2020-02
customer1519,2019-03,2019-05
customer152,2019-12,2020-02
customer1520,2019-04,2019-04
customer1521,2019-11,2019-11
customer1522,2019-06,2019-07
customer1523,2020-02,2020-02
customer1524,2019-12,2019-12
customer1525,2019-03,2019-03
customer1526,2019-10,2019-10
customer1527,2019-06,2019-06
customer1528,2019-03,2019-08
customer1529,2019-07,2019-07
customer153,2019-04,2020-01
customer1530,2019-04,2019-04
customer1531,2019-12,2020-01
customer1532,2019-03,2019-03
customer1533,2019-03,2019-03
customer1534,2019-05,2019-05
customer1535,2019-03,2019-04
customer1536,2019-09,2019-09
customer1537,2019-05,2019-05
customer1538,2020-01,2020-01
customer1539,2019-08,2019-11
customer154,2019-10,2020-02
customer1540,2019-03,2019-03
customer1541,2019-05,2019-05
customer1542,2019-09,2019-09
customer1543,2019-03,2019-11
customer1544,2019-10,2020-01
customer1545,2019-11,2019-11
customer1546,2019-08,2019-08
customer1547,2019-03,2019-03
customer1548,2019-05,2019-05
customer1549,2019-08,2019-08
customer155,2019-03,2020-02
customer1550,2019-08,2019-08
customer1551,2019-09,2019-09
customer1552,2019-10,2019-10
customer1553,2020-02,2020-02
customer1554,2019-05,2019-05
customer1555,2019-11,2019-11
customer1556,2019-12,2019-12
customer1557,2019-03,2019-08
customer1558,2019-03,2019-03
customer1559,2020-02,2020-02
customer156,2019-08,2020-01
customer1560,2019-03,2019-03
customer1561,2019-12,2019-12
customer1562,2020-02,2020-02
customer1563,2019-05,2019-05
customer1564,2019-11,2019-11
customer1565,2019-12,2020-02
customer1566,2019-08,2019-08
customer1567,2020-01,2020-01
customer1568,2019-09,2019-10
customer1569,2020-01,2020-01
customer157,2019-10,2020-01
customer1570,2019-08,2019-08
customer1571,2020-02,2020-02
customer1572,2019-04,2019-09
customer1573,2019-11,2019-11
customer1574,2019-03,2019-04
customer1575,2019-11,2019-12
customer1576,2020-02,2020-02
customer1577,2019-07,2019-07
customer1578,2019-03,2019-03
customer1579,2019-05,2019-05
customer158,2019-11,2020-02
customer1580,2020-01,2020-01
customer1581,2019-12,2019-12
customer1582,2019-03,2019-05
customer1583,2019-04,2019-04
customer1584,2020-01,2020-01
customer1585,2019-03,2019-07
customer1586,2020-01,2020-01
customer1587,2019-03,2019-07
customer1589,2019-05,2019-05
customer159,2019-03,2020-02
customer1590,2019-03,2019-03
customer1591,2019-08,2019-08
customer1592,2020-01,2020-01
customer1593,2019-03,2019-06
customer1594,2019-03,2019-03
customer1595,2019-05,2019-05
customer1596,2019-03,2019-03
customer1597,2019-03,2019-03
customer1598,2020-01,2020-01
customer1599,2019-03,2019-06
customer16,2020-01,2020-02
customer160,2019-03,2019-03
customer1600,2020-01,2020-01
customer1601,2019-06,2019-06
customer1602,2019-08,2019-08
customer1603,2019-12,2020-01
customer1604,2019-05,2019-05
customer1605,2019-10,2019-10
customer1606,2019-10,2019-10
customer1607,2019-07,2019-07
customer1608,2019-07,2019-07
customer1609,2019-10,2020-02
customer161,2019-03,2019-06
customer1610,2019-10,2019-10
customer1611,2020-01,2020-01
customer1612,2019-10,2019-10
customer1613,2019-12,2019-12
customer1614,2019-06,2019-06
customer1615,2019-03,2019-06
customer1616,2020-01,2020-01
customer1617,2019-04,2019-04
customer1618,2019-03,2019-03
customer1619,2019-10,2019-10
customer162,2019-03,2020-02
customer1620,2019-07,2019-07
customer1621,2020-02,2020-02
customer1622,2019-03,2019-06
customer1623,2019-09,2019-09
customer1624,2020-02,2020-02
customer1625,2019-09,2019-09
customer1626,2020-01,2020-01
customer1627,2019-04,2019-04
customer1628,2019-03,2019-03
customer1629,2019-03,2019-03
customer163,2019-08,2019-11
customer1630,2019-06,2019-06
customer1631,2019-03,2019-03
customer1632,2020-01,2020-01
customer1633,2019-03,2019-03
customer1634,2019-03,2019-03
customer1635,2019-03,2019-07
customer1636,2019-12,2020-02
customer1637,2019-04,2019-04
customer1638,2019-04,2019-04
customer1639,2019-08,2019-08
customer164,2019-05,2020-02
customer1640,2019-10,2019-11
customer1641,2019-03,2019-11
customer1642,2020-02,2020-02
customer1643,2020-02,2020-02
customer1644,2019-10,2019-10
customer1645,2019-09,2019-09
customer1646,2019-05,2019-05
customer1647,2019-03,2019-03
customer1648,2019-03,2019-03
customer1649,2019-03,2019-11
customer165,2019-04,2019-10
customer1650,2020-01,2020-01
customer1651,2019-08,2019-08
customer1652,2019-06,2019-06
customer1653,2019-06,2019-06
customer1654,2020-02,2020-02
customer1655,2019-07,2019-08
customer1656,2019-07,2019-08
customer1657,2019-06,2019-06
customer1658,2019-10,2019-10
customer1659,2020-02,2020-02
customer166,2019-07,2020-02
customer1661,2019-05,2019-05
customer1662,2019-05,2019-05
customer1663,2019-10,2019-12
customer1664,2019-03,2019-03
customer1665,2019-12,2019-12
customer1666,2019-04,2019-04
customer1667,2019-07,2019-07
customer1668,2020-02,2020-02
customer1669,2019-03,2019-03
customer167,2019-03,2020-02
customer1670,2020-01,2020-01
customer1671,2019-08,2019-08
customer1672,2020-01,2020-01
customer1673,2019-03,2019-03
customer1674,2019-07,2019-07
customer1675,2020-01,2020-01
customer1676,2019-06,2019-08
customer1677,2019-03,2019-03
customer1678,2019-05,2019-05
customer1679,2019-11,2019-11
customer168,2019-03,2019-11
customer1680,2019-06,2019-06
customer1681,2019-11,2019-11
customer1682,2019-11,2020-01
customer1683,2019-03,2019-03
customer1684,2019-03,2019-03
customer1685,2019-12,2019-12
customer1686,2019-08,2019-08
customer1687,2019-07,2019-07
customer1688,2020-02,2020-02
customer1689,2020-02,2020-02
customer169,2019-11,2019-11
customer1690,2020-01,2020-01
customer1691,2020-01,2020-01
customer1692,2020-02,2020-02
customer1693,2019-05,2019-05
customer1694,2019-12,2019-12
customer1695,2019-04,2019-08
customer1696,2019-10,2020-02
customer1697,2019-08,2019-08
customer1698,2020-01,2020-01
customer1699,2019-10,2019-10
customer17,2019-03,2020-02
customer170,2019-09,2020-02
customer1700,2020-01,2020-01
customer1701,2019-10,2020-02
customer1702,2019-12,2019-12
customer1703,2019-03,2019-03
customer1704,2019-12,2019-12
customer1705,2019-06,2019-06
customer1706,2019-03,2019-03
customer1707,2019-03,2019-03
customer1708,2019-12,2019-12
customer1709,2019-04,2019-04
customer171,2019-08,2020-02
customer1710,2019-03,2019-03
customer1711,2020-01,2020-01
customer1712,2019-03,2019-03
customer1713,2020-02,2020-02
customer1714,2019-03,2019-09
customer1715,2019-06,2019-06
customer1716,2020-01,2020-01
customer1717,2020-01,2020-01
customer1718,2020-02,2020-02
customer1719,2020-02,2020-02
customer172,2019-10,2020-02
customer1720,2019-11,2019-11
customer1721,2020-02,2020-02
customer1722,2019-11,2019-11
customer1723,2019-03,2019-04
customer1724,2019-12,2019-12
customer1725,2019-07,2020-01
customer1726,2019-05,2019-05
customer1727,2019-11,2019-11
customer1728,2019-12,2020-01
customer1729,2019-07,2019-07
customer173,2019-06,2019-07
customer1730,2019-09,2019-09
customer1731,2020-01,2020-01
customer1732,2019-05,2019-05
customer1733,2019-10,2019-10
customer1734,2019-07,2019-07
customer1735,2019-03,2019-03
customer1736,2019-03,2019-03
customer1737,2020-02,2020-02
customer1738,2019-03,2019-04
customer1739,2019-03,2019-06
customer174,2019-05,2019-08
customer1740,2019-03,2019-03
customer1741,2019-08,2019-12
customer1742,2019-03,2019-03
customer1743,2019-07,2019-07
customer1744,2019-04,2020-02
customer1745,2019-03,2019-03
customer1746,2020-01,2020-01
customer1747,2019-03,2019-03
customer1748,2019-06,2019-06
customer1749,2019-07,2019-07
customer175,2019-03,2020-02
customer1750,2020-02,2020-02
customer1751,2019-11,2019-11
customer1752,2019-03,2019-03
customer1753,2019-03,2019-03
customer1754,2020-02,2020-02
customer1755,2020-01,2020-01
customer1756,2020-01,2020-01
customer1757,2019-09,2019-09
customer1758,2019-05,2019-05
customer1759,2019-12,2019-12
customer176,2020-01,2020-02
customer1760,2019-07,2019-07
customer1761,2020-01,2020-01
customer1762,2020-01,2020-01
customer1763,2019-09,2020-02
customer1764,2020-01,2020-01
customer1765,2019-08,2019-08
customer1766,2019-06,2019-06
customer1767,2019-12,2019-12
customer1768,2019-04,2019-04
customer1769,2019-09,2019-09
customer177,2019-03,2019-12
customer1770,2019-03,2019-03
customer1771,2019-07,2019-07
customer1772,2020-01,2020-01
customer1773,2019-12,2019-12
customer1774,2019-09,2019-09
customer1775,2019-06,2019-06
customer1776,2020-02,2020-02
customer1777,2020-02,2020-02
customer1778,2019-07,2019-07
customer1779,2020-02,2020-02
customer178,2019-03,2020-02
customer1780,2019-03,2019-03
customer1781,2019-03,2019-03
customer1782,2019-10,2019-10
customer1783,2019-07,2019-07
customer1784,2019-03,2019-03
customer1785,2020-01,2020-01
customer1786,2019-12,2020-02
customer1787,2019-03,2019-03
customer1788,2019-03,2019-03
customer1789,2019-10,2019-10
customer179,2019-07,2019-11
customer1790,2019-08,2019-08
customer1791,2020-01,2020-01
customer1792,2019-09,2019-09
customer1793,2019-03,2019-03
customer1794,2019-10,2019-10
customer1795,2020-01,2020-01
customer1796,2019-06,2019-07
customer1797,2019-06,2019-06
customer1798,2019-03,2019-03
customer1799,2019-11,2019-12
customer18,2019-07,2020-02
customer180,2019-03,2019-04
customer1800,2019-12,2019-12
customer1801,2019-03,2020-01
customer1802,2020-02,2020-02
customer1803,2019-04,2019-04
customer1804,2020-02,2020-02
customer1805,2019-03,2019-03
customer1806,2019-11,2019-12
customer1807,2019-05,2019-05
customer1808,2019-03,2019-03
customer1809,2019-12,2019-12
customer181,2019-03,2019-08
customer1810,2019-03,2019-03
customer1811,2019-09,2019-09
customer1812,2019-08,2019-08
customer1813,2019-04,2019-05
customer1814,2019-05,2019-05
customer1815,2019-08,2019-08
customer1816,2019-08,2019-08
customer1817,2019-03,2019-03
customer1818,2019-04,2019-04
customer1819,2019-11,2019-11
customer182,2019-03,2020-02
customer1820,2019-09,2019-09
customer1821,2019-03,2019-03
customer1822,2019-03,2019-03
customer1823,2019-09,2019-09
customer1824,2019-03,2019-03
customer1825,2019-03,2019-03
customer1826,2019-10,2019-10
customer1827,2019-04,2019-05
customer1828,2019-12,2019-12
customer1829,2019-06,2019-06
customer183,2019-03,2020-02
customer1830,2019-04,2019-04
customer1831,2019-03,2019-03
customer1832,2019-05,2019-05
customer1833,2019-03,2019-03
customer1834,2019-04,2019-04
customer1835,2019-03,2019-03
customer1836,2019-09,2019-09
customer1837,2019-05,2019-05
customer1838,2019-03,2019-03
customer1839,2020-02,2020-02
customer184,2019-06,2020-02
customer1840,2020-02,2020-02
customer1841,2019-05,2019-05
customer1842,2019-03,2019-03
customer1843,2019-03,2019-03
customer1844,2020-02,2020-02
customer1845,2020-01,2020-02
customer1846,2019-03,2019-03
customer1847,2019-09,2019-09
customer1848,2019-09,2019-09
customer1849,2019-10,2019-10
customer185,2019-04,2020-02
customer1850,2019-07,2019-07
customer1851,2019-12,2019-12
customer1852,2019-05,2019-05
customer1853,2019-09,2019-09
customer1854,2019-03,2019-05
customer1855,2019-12,2019-12
customer1856,2019-03,2019-03
customer1857,2019-07,2019-07
customer1858,2019-03,2019-03
customer1859,2019-10,2019-10
customer186,2019-03,2019-07
customer1860,2019-11,2019-11
customer1861,2019-05,2019-05
customer1862,2019-08,2019-08
customer1863,2019-05,2019-06
customer1864,2019-03,2019-12
customer1865,2019-03,2019-03
customer1866,2019-03,2019-03
customer1867,2019-03,2019-06
customer1868,2019-05,2019-05
customer1869,2019-08,2019-08
customer187,2019-12,2019-12
customer1870,2019-03,2019-03
customer1871,2019-11,2019-11
customer1872,2019-03,2019-03
customer1873,2019-03,2019-03
customer1874,2019-08,2019-08
customer1875,2019-10,2019-10
customer1876,2020-01,2020-01
customer1877,2019-03,2019-03
customer1878,2019-03,2019-03
customer1879,2019-07,2019-10
customer188,2019-03,2020-02
customer1880,2019-12,2019-12
customer1881,2019-03,2019-06
customer1882,2019-12,2019-12
customer1883,2020-01,2020-01
customer1884,2019-03,2019-03
customer1885,2019-11,2019-11
customer1886,2020-02,2020-02
customer1887,2020-01,2020-01
customer1888,2019-10,2019-10
customer1889,2020-01,2020-01
customer189,2019-03,2020-02
customer1890,2019-04,2019-07
customer1891,2019-09,2019-09
customer1892,2019-09,2019-09
customer1893,2019-08,2019-08
customer1894,2019-08,2019-08
customer1895,2020-02,2020-02
customer1896,2019-06,2019-06
customer1897,2019-07,2019-07
customer1898,2020-02,2020-02
customer1899,2019-03,2019-05
customer19,2019-03,2020-02
customer190,2019-03,2019-09
customer1900,2020-02,2020-02
customer1901,2019-11,2019-11
customer1902,2019-05,2019-05
customer1903,2019-05,2019-05
customer1904,2020-02,2020-02
customer1905,2019-05,2019-05
customer1906,2019-03,2019-03
customer1907,2019-08,2019-08
customer1908,2020-02,2020-02
customer1909,2020-01,2020-01
customer191,2019-03,2019-11
customer1910,2019-10,2019-10
customer1911,2019-08,2019-08
customer1912,2019-05,2019-05
customer1913,2020-01,2020-01
customer1914,2019-03,2019-04
customer1915,2020-01,2020-01
customer1916,2019-03,2019-03
customer1917,2019-04,2019-04
customer1918,2019-06,2019-06
customer1919,2019-08,2019-08
customer192,2019-03,2020-02
customer1920,2019-05,2019-05
customer1921,2019-06,2019-06
customer1922,2019-06,2019-06
customer1923,2019-06,2019-06
customer1924,2019-09,2019-09
customer1925,2019-08,2019-08
customer1926,2019-11,2019-11
customer1927,2019-08,2019-08
customer1928,2019-10,2019-10
customer1929,2019-12,2019-12
customer193,2019-03,2019-08
customer1930,2019-12,2019-12
customer1931,2020-02,2020-02
customer1932,2020-01,2020-01
customer1933,2019-03,2019-03
customer1934,2019-12,2019-12
customer1935,2019-03,2019-05
customer1936,2019-07,2019-07
customer1937,2019-03,2019-03
customer1938,2019-11,2019-11
customer1939,2019-04,2019-04
customer194,2019-03,2020-02
customer1940,2020-01,2020-01
customer1941,2019-03,2019-04
customer1942,2019-11,2019-11
customer1943,2019-03,2019-09
customer1944,2020-01,2020-01
customer1945,2019-04,2019-04
customer1946,2019-03,2019-03
customer1947,2019-04,2019-04
customer1948,2019-05,2019-10
customer1949,2019-03,2019-03
customer195,2019-03,2020-02
customer1950,2019-07,2019-07
customer1951,2019-03,2019-03
customer1952,2019-12,2019-12
customer1953,2020-01,2020-01
customer1954,2019-03,2019-03
customer1955,2020-01,2020-02
customer1956,2019-08,2019-10
customer1957,2019-08,2019-08
customer1958,2019-07,2019-07
customer1959,2019-07,2019-07
customer196,2019-03,2020-02
customer1960,2019-12,2019-12
customer1961,2019-07,2019-07
customer1962,2019-11,2019-11
customer1963,2019-12,2019-12
customer1964,2020-01,2020-01
customer1965,2019-04,2019-04
customer1966,2019-07,2019-09
customer1967,2019-03,2019-03
customer1968,2019-03,2019-03
customer1969,2019-03,2019-03
customer197,2020-01,2020-01
customer1970,2019-10,2019-10
customer1971,2019-06,2019-06
customer1972,2019-03,2019-03
customer1973,2019-07,2019-07
customer1974,2019-04,2019-04
customer1975,2019-03,2019-03
customer1976,2019-12,2019-12
customer1977,2020-02,2020-02
customer1978,2019-10,2020-01
customer1979,2019-10,2019-10
customer198,2019-03,2020-02
customer1980,2020-01,2020-01
customer1981,2019-10,2019-10
customer1982,2019-11,2019-11
customer1983,2019-06,2019-06
customer1984,2019-06,2019-06
customer1985,2019-12,2019-12
customer1986,2019-08,2019-11
customer1987,2019-03,2019-03
customer1988,2019-03,2019-03
customer1989,2019-10,2019-10
customer199,2019-03,2019-04
customer1990,2019-05,2019-05
customer1991,2019-03,2019-03
customer1992,2019-03,2019-03
customer1993,2019-04,2019-10
customer1994,2019-11,2019-11
customer1995,2019-11,2019-11
customer1996,2019-09,2019-09
customer1997,2020-01,2020-01
customer1998,2019-06,2019-06
customer1999,2020-02,2020-02
customer2,2019-11,2020-02
customer20,2019-08,2019-12
customer200,2019-03,2019-08
customer2000,2019-06,2019-06
customer2001,2019-07,2019-07
customer2002,2019-03,2019-05
customer2003,2019-08,2019-08
customer2004,2020-01,2020-01
customer2005,2019-03,2019-03
customer2006,2019-03,2019-03
customer2007,2019-07,2019-07
customer2008,2019-08,2019-08
customer2009,2019-09,2019-11
customer201,2019-03,2019-12
customer2010,2019-03,2019-03
customer2011,2020-01,2020-01
customer2012,2019-04,2019-04
customer2013,2019-03,2019-03
customer2014,2019-03,2019-03
customer2015,2019-03,2019-03
customer2016,2019-03,2019-03
customer2017,2020-01,2020-01
customer2018,2019-03,2019-03
customer2019,2019-05,2019-05
customer202,2019-03,2019-06
customer2020,2019-12,2019-12
customer2021,2019-10,2019-10
customer2022,2020-02,2020-02
customer2023,2020-01,2020-01
customer2024,2020-02,2020-02
customer2025,2019-03,2019-03
customer2026,2019-03,2019-03
customer2027,2019-08,2019-08
customer2028,2019-12,2019-12
customer2029,2019-03,2019-03
customer203,2019-04,2019-08
customer2030,2019-11,2019-11
customer2031,2019-03,2019-03
customer2032,2019-06,2019-06
customer2033,2019-04,2019-04
customer2034,2019-11,2019-11
customer2035,2019-03,2019-03
customer2036,2019-11,2019-11
customer2037,2020-01,2020-01
customer2038,2019-07,2019-07
customer2039,2019-10,2019-10
customer204,2019-03,2019-05
customer2040,2019-03,2019-03
customer2041,2019-04,2019-04
customer2042,2019-12,2019-12
customer2043,2020-02,2020-02
customer2044,2019-07,2019-07
customer2045,2019-03,2019-03
customer2046,2019-12,2019-12
customer2047,2019-12,2019-12
customer2048,2020-02,2020-02
customer2049,2019-03,2019-03
customer205,2019-03,2020-02
customer2050,2019-03,2019-03
customer2051,2019-06,2019-07
customer2052,2019-12,2019-12
customer2053,2019-04,2019-04
customer2054,2020-01,2020-01
customer2055,2019-09,2019-09
customer2056,2019-04,2019-04
customer2057,2019-03,2019-03
customer2058,2019-07,2019-07
customer2059,2020-01,2020-01
customer206,2019-03,2019-07
customer2060,2019-03,2019-03
customer2061,2019-12,2020-01
customer2062,2020-01,2020-01
customer2063,2019-07,2019-07
customer2064,2019-06,2019-06
customer2065,2020-02,2020-02
customer2066,2019-05,2019-05
customer2067,2019-11,2019-11
customer2068,2019-12,2019-12
customer2069,2019-05,2020-02
customer207,2019-07,2019-10
customer2070,2019-07,2019-07
customer2071,2019-05,2019-06
customer2072,2019-12,2019-12
customer2073,2019-11,2019-11
customer2074,2019-10,2019-10
customer2075,2019-09,2019-09
customer2076,2019-11,2019-11
customer2077,2019-10,2019-10
customer2078,2019-09,2019-09
customer2079,2019-09,2019-09
customer208,2020-01,2020-01
customer2080,2019-05,2019-05
customer2081,2019-12,2019-12
customer2082,2019-09,2019-09
customer2083,2019-03,2019-03
customer2084,2020-01,2020-01
customer2085,2019-06,2019-06
customer2086,2019-09,2019-09
customer2087,2020-02,2020-02
customer2088,2019-10,2019-10
customer2089,2020-02,2020-02
customer209,2019-03,2020-02
customer2090,2019-03,2019-03
customer2091,2020-01,2020-01
customer2092,2019-07,2019-07
customer2093,2019-06,2019-06
customer2094,2019-07,2019-07
customer2095,2019-08,2019-08
customer2096,2019-05,2019-05
customer2097,2019-05,2019-05
customer2098,2019-03,2019-03
customer2099,2019-12,2019-12
customer21,2019-07,2020-02
customer210,2019-03,2019-12
customer2100,2020-02,2020-02
customer2101,2019-06,2019-06
customer2102,2019-04,2019-04
customer2103,2019-06,2019-06
customer2104,2019-09,2019-09
customer2105,2019-09,2019-09
customer2106,2019-04,2019-04
customer2107,2019-05,2019-05
customer2109,2020-01,2020-01
customer211,2019-03,2020-02
customer2110,2019-11,2019-11
customer2111,2019-09,2019-09
customer2112,2020-01,2020-01
customer2113,2020-01,2020-01
customer2114,2019-08,2019-08
customer2115,2019-07,2019-07
customer2116,2019-06,2019-06
customer2117,2019-05,2019-05
customer2118,2020-02,2020-02
customer2119,2020-02,2020-02
customer212,2019-07,2020-02
customer2120,2019-09,2019-09
customer2121,2019-07,2019-08
customer2122,2019-07,2019-09
customer2123,2019-04,2019-04
customer2124,2019-03,2019-03
customer2125,2019-10,2019-10
customer2126,2019-04,2019-04
customer2127,2019-04,2019-04
customer2128,2019-05,2019-05
customer2129,2019-05,2019-06
customer213,2019-04,2019-04
customer2130,2019-07,2019-08
customer2131,2019-08,2019-08
customer2132,2020-02,2020-02
customer2133,2019-09,2019-09
customer2134,2020-02,2020-02
customer2135,2020-01,2020-01
customer2136,2019-03,2019-03
customer2137,2020-01,2020-01
customer2138,2019-03,2019-03
customer2139,2019-12,2019-12
customer214,2019-03,2019-12
customer2140,2020-02,2020-02
customer2141,2019-03,2019-03
customer2142,2020-02,2020-02
customer2143,2019-03,2019-03
customer2144,2019-06,2019-06
customer2145,2020-02,2020-02
customer2146,2019-06,2019-06
customer2147,2019-06,2019-06
customer2148,2019-09,2019-10
customer2149,2019-09,2019-09
customer215,2019-03,2020-02
customer2150,2019-03,2019-03
customer2151,2019-12,2019-12
customer2152,2020-01,2020-01
customer2153,2020-01,2020-01
customer2154,2019-12,2019-12
customer2155,2019-03,2019-03
customer2156,2019-04,2019-04
customer2157,2020-02,2020-02
customer2158,2019-12,2019-12
customer2159,2019-04,2019-04
customer216,2019-03,2019-12
customer2160,2019-05,2019-05
customer2161,2019-10,2019-10
customer2162,2019-04,2019-04
customer2163,2019-04,2020-01
customer2164,2019-05,2019-05
customer2165,2019-07,2019-07
customer2166,2019-12,2019-12
customer2167,2019-07,2019-07
customer2168,2019-04,2019-04
customer2169,2019-09,2019-09
customer217,2019-06,2019-07
customer2170,2019-08,2019-08
customer2171,2019-04,2019-04
customer2172,2020-02,2020-02
customer2173,2019-04,2019-04
customer2174,2019-03,2019-03
customer2175,2019-12,2019-12
customer2176,2019-06,2019-06
customer2178,2019-03,2019-03
customer2179,2019-04,2019-04
customer218,2019-03,2020-02
customer2180,2019-08,2019-08
customer2181,2019-04,2019-04
customer2182,2019-04,2019-04
customer2183,2019-08,2019-08
customer2184,2019-03,2019-03
customer2185,2019-03,2019-03
customer2186,2019-03,2019-03
customer2187,2019-03,2019-03
customer2188,2019-07,2019-07
customer2189,2019-07,2019-07
customer219,2019-03,2020-02
customer2190,2019-11,2019-11
customer2191,2019-03,2019-03
customer2192,2019-05,2019-05
customer2193,2019-04,2019-04
customer2194,2019-06,2019-07
customer2195,2019-05,2019-07
customer2196,2019-09,2019-09
customer2197,2019-03,2019-03
customer2198,2020-01,2020-01
customer2199,2020-02,2020-02
customer22,2019-03,2019-11
customer220,2019-03,2019-10
customer2200,2019-11,2019-11
customer2201,2019-12,2019-12
customer2202,2019-07,2019-07
customer2203,2019-07,2019-07
customer2204,2019-03,2019-03
customer2205,2019-12,2019-12
customer2206,2019-10,2019-10
customer2207,2019-07,2019-07
customer2208,2020-01,2020-01
customer2209,2019-03,2019-03
customer221,2019-04,2020-02
customer2210,2020-02,2020-02
customer2211,2019-05,2019-05
customer2212,2019-09,2019-09
customer2213,2019-06,2019-06
customer2214,2019-11,2019-11
customer2215,2019-05,2019-07
customer2216,2020-02,2020-02
customer2217,2019-07,2019-07
customer2218,2020-01,2020-01
customer2219,2019-06,2019-06
customer222,2019-03,2019-04
customer2220,2019-03,2019-03
customer2221,2019-03,2019-03
customer2222,2020-01,2020-01
customer2223,2019-05,2019-05
customer2224,2019-03,2019-03
customer2225,2019-04,2019-04
customer2226,2019-11,2019-11
customer2227,2019-06,2019-06
customer2228,2019-05,2019-05
customer2229,2019-07,2019-07
customer223,2019-08,2020-02
customer2230,2019-03,2019-03
customer2231,2019-12,2019-12
customer2232,2019-03,2019-03
customer2233,2019-03,2019-03
customer2234,2019-07,2019-07
customer2235,2019-11,2019-11
customer2236,2019-06,2019-06
customer2237,2019-05,2019-05
customer2238,2019-06,2019-06
customer2239,2020-02,2020-02
customer224,2019-06,2020-01
customer2240,2019-05,2019-05
customer2241,2019-03,2019-03
customer2242,2019-04,2019-04
customer2243,2020-01,2020-01
customer2244,2019-04,2019-04
customer2245,2020-01,2020-01
customer2246,2019-04,2019-04
customer2247,2019-03,2019-03
customer2248,2019-08,2019-08
customer2249,2019-04,2019-04
customer225,2019-03,2020-02
customer2250,2020-01,2020-01
customer2251,2020-02,2020-02
customer2252,2019-03,2019-03
customer2253,2019-10,2019-10
customer2254,2019-04,2019-04
customer2255,2019-06,2019-06
customer2256,2019-03,2019-03
customer2257,2019-10,2019-10
customer2258,2019-03,2019-03
customer2259,2019-03,2019-07
customer226,2019-03,2019-03
customer2260,2019-10,2019-10
customer2261,2019-07,2019-07
customer2262,2019-10,2019-10
customer2263,2019-04,2019-04
customer2264,2019-05,2019-10
customer2265,2019-07,2019-07
customer2266,2019-10,2019-10
customer2267,2019-03,2019-03
customer2268,2019-09,2019-09
customer2269,2019-09,2019-09
customer227,2019-03,2020-02
customer2270,2019-07,2019-07
customer2271,2019-08,2019-08
customer2272,2019-03,2019-03
customer2273,2019-05,2019-05
customer2274,2019-05,2019-05
customer2275,2019-12,2019-12
customer2276,2019-08,2019-08
customer2277,2019-12,2019-12
customer2278,2019-03,2019-03
customer2279,2019-12,2019-12
customer228,2020-02,2020-02
customer2280,2019-05,2019-05
customer2281,2019-07,2019-07
customer2282,2019-08,2019-08
customer2283,2020-01,2020-01
customer2284,2019-07,2019-07
customer2285,2019-11,2019-11
customer2286,2019-09,2019-09
customer2287,2019-03,2019-03
customer2289,2020-02,2020-02
customer229,2019-03,2019-11
customer2290,2019-03,2019-03
customer2291,2019-05,2019-05
customer2292,2019-04,2019-04
customer2293,2020-01,2020-01
customer2294,2020-01,2020-01
customer2295,2020-01,2020-01
customer2296,2019-07,2019-07
customer2297,2019-07,2019-07
customer2298,2020-01,2020-01
customer2299,2019-08,2019-08
customer23,2019-08,2020-02
customer230,2019-03,2019-06
customer2300,2019-12,2019-12
customer2301,2020-01,2020-01
customer2303,2019-12,2019-12
customer2304,2019-10,2019-10
customer2305,2019-08,2019-08
customer2306,2019-03,2019-03
customer2307,2019-05,2019-11
customer2308,2019-10,2019-10
customer2309,2019-03,2019-03
customer231,2019-03,2019-11
customer2310,2019-05,2019-05
customer2311,2019-03,2019-03
customer2312,2019-05,2019-10
customer2313,2019-03,2019-06
customer2314,2020-02,2020-02
customer2315,2019-04,2019-04
customer2316,2019-04,2020-01
customer2318,2019-12,2019-12
customer2319,2019-05,2019-06
customer232,2019-03,2019-07
customer2320,2020-01,2020-01
customer2321,2019-08,2019-08
customer2322,2019-09,2019-09
customer2323,2019-05,2019-05
customer2324,2019-03,2020-02
customer2325,2020-02,2020-02
customer2326,2019-07,2019-07
customer2327,2019-07,2019-07
customer2328,2019-03,2019-09
customer2329,2019-11,2019-11
customer233,2019-03,2019-04
customer2330,2019-03,2019-11
customer2331,2019-10,2019-10
customer2332,2019-10,2019-10
customer2333,2019-06,2020-02
customer2334,2020-02,2020-02
customer2335,2020-01,2020-02
customer2336,2019-05,2019-07
customer2337,2019-04,2019-04
customer2338,2019-11,2019-11
customer2339,2019-08,2019-08
customer234,2019-03,2019-05
customer2340,2019-07,2019-07
customer2341,2019-12,2019-12
customer2342,2019-04,2019-04
customer2343,2020-01,2020-02
customer2344,2019-08,2019-08
customer2345,2019-12,2019-12
customer2346,2019-10,2019-10
customer2347,2019-12,2019-12
customer2348,2019-05,2019-05
customer2349,2019-07,2019-07
customer235,2019-12,2020-02
customer2350,2019-10,2019-10
customer2351,2019-05,2019-10
customer2352,2020-01,2020-01
customer2353,2020-01,2020-01
customer2354,2019-11,2019-11
customer2355,2019-08,2019-08
customer2356,2019-05,2019-05
customer2357,2019-11,2019-11
customer2358,2019-09,2019-09
customer2359,2019-12,2019-12
customer236,2019-03,2020-02
customer2360,2019-07,2019-07
customer2361,2019-09,2019-09
customer237,2019-03,2020-02
customer238,2019-03,2019-04
customer239,2020-02,2020-02
customer24,2019-03,2020-02
customer240,2019-03,2020-01
customer241,2019-09,2020-01
customer242,2019-04,2020-02
customer243,2019-03,2020-02
customer244,2019-05,2019-11
customer245,2019-03,2020-01
customer246,2019-03,2019-09
customer247,2019-03,2020-02
customer248,2019-11,2020-02
customer249,2019-04,2020-01
customer25,2019-03,2019-09
customer250,2019-03,2019-09
customer251,2019-07,2019-08
customer252,2019-04,2019-12
customer253,2019-04,2019-12
customer254,2019-03,2019-10
customer255,2020-01,2020-01
customer256,2019-03,2019-11
customer257,2019-06,2019-08
customer258,2019-09,2020-01
customer259,2019-12,2020-02
customer26,2019-03,2020-01
customer260,2019-03,2020-02
customer261,2019-03,2020-02
customer262,2019-03,2019-03
customer263,2019-03,2019-05
customer264,2019-11,2020-02
customer265,2019-07,2019-07
customer266,2019-03,2019-08
customer267,2019-11,2020-02
customer268,2019-03,2020-02
customer269,2019-03,2019-09
customer27,2019-03,2020-02
customer270,2019-03,2019-09
customer271,2019-08,2020-02
customer272,2019-04,2019-09
customer273,2019-08,2020-02
customer274,2019-04,2019-08
customer275,2019-03,2019-03
customer276,2019-03,2020-02
customer277,2019-03,2020-02
customer278,2019-11,2020-01
customer279,2019-04,2019-10
customer28,2019-03,2019-10
customer280,2020-01,2020-01
customer281,2019-12,2020-02
customer282,2020-01,2020-02
customer283,2019-06,2020-02
customer284,2019-03,2020-02
customer285,2019-03,2020-02
customer286,2019-03,2019-10
customer287,2019-06,2020-01
customer288,2019-03,2019-06
customer289,2019-03,2020-02
customer29,2019-03,2019-10
customer290,2019-03,2019-03
customer291,2019-04,2019-07
customer292,2019-06,2020-02
customer293,2019-03,2019-08
customer294,2019-03,2019-05
customer295,2019-06,2019-06
customer296,2019-03,2020-02
customer297,2019-03,2019-07
customer298,2019-03,2019-03
customer299,2020-02,2020-02
customer3,2019-06,2020-02
customer30,2019-05,2020-02
customer300,2019-07,2020-02
customer301,2019-08,2019-10
customer302,2019-03,2020-02
customer303,2019-11,2020-02
customer304,2019-03,2019-12
customer305,2019-04,2019-07
customer306,2019-05,2020-02
customer307,2020-01,2020-02
customer308,2019-05,2020-02
customer309,2019-03,2020-02
customer31,2019-03,2020-02
customer310,2019-03,2020-02
customer311,2020-02,2020-02
customer312,2019-03,2020-02
customer313,2019-03,2020-01
customer314,2019-08,2019-09
customer315,2019-04,2020-02
customer316,2019-03,2019-03
customer317,2020-01,2020-02
customer318,2019-03,2019-04
customer319,2019-05,2019-12
customer32,2019-04,2019-09
customer320,2019-04,2020-02
customer321,2019-03,2019-08
customer322,2019-04,2019-05
customer323,2020-02,2020-02
customer324,2019-03,2020-02
customer325,2019-03,2019-12
customer326,2019-06,2019-06
customer327,2019-03,2019-11
customer328,2019-11,2020-02
customer329,2019-03,2020-02
customer33,2019-03,2020-02
customer330,2019-03,2019-11
customer331,2019-07,2019-08
customer332,2019-03,2019-12
customer333,2019-09,2019-09
customer334,2019-03,2019-03
customer335,2020-02,2020-02
customer336,2019-04,2020-01
customer337,2019-11,2019-12
customer338,2020-01,2020-01
customer339,2019-03,2020-02
customer34,2019-03,2020-02
customer340,2019-03,2019-03
customer341,2019-03,2019-05
customer342,2020-02,2020-02
customer343,2019-11,2020-02
customer344,2019-03,2020-01
customer345,2019-03,2020-02
customer346,2019-03,2019-04
customer347,2019-10,2020-02
customer348,2019-03,2019-11
customer349,2020-01,2020-02
customer35,2019-03,2019-08
customer350,2019-03,2019-10
customer351,2019-08,2019-12
customer352,2019-09,2019-11
customer353,2019-05,2019-11
customer354,2019-12,2020-02
customer355,2019-03,2019-08
customer356,2019-10,2020-02
customer357,2019-03,2019-08
customer358,2019-03,2019-12
customer359,2019-03,2020-02
customer36,2019-03,2020-02
customer360,2019-07,2019-10
customer361,2019-03,2019-06
customer362,2019-03,2019-08
customer363,2019-03,2019-03
customer364,2019-04,2019-06
customer365,2019-03,2020-02
customer366,2019-04,2020-01
customer367,2019-12,2020-02
customer368,2019-07,2019-07
customer369,2019-10,2020-02
customer37,2019-03,2020-02
customer370,2019-03,2020-02
customer371,2020-02,2020-02
customer372,2019-03,2019-03
customer373,2019-06,2019-07
customer374,2019-03,2020-02
customer375,2019-03,2019-09
customer376,2019-07,2019-09
customer377,2019-04,2019-05
customer378,2019-09,2020-02
customer379,2019-03,2020-02
customer38,2019-03,2020-02
customer380,2019-03,2019-08
customer381,2019-10,2020-02
customer382,2019-03,2019-07
customer383,2019-06,2019-07
customer384,2019-04,2020-01
customer385,2019-05,2020-01
customer386,2019-03,2019-03
customer387,2019-03,2020-02
customer388,2020-01,2020-02
customer389,2020-01,2020-02
customer39,2019-03,2020-02
customer390,2019-03,2020-02
customer391,2019-03,2020-02
customer392,2019-03,2020-02
customer393,2019-06,2020-02
customer394,2019-05,2019-06
customer395,2019-03,2019-05
customer396,2019-03,2019-03
customer397,2019-06,2020-02
customer398,2019-03,2020-02
customer399,2019-03,2020-02
customer4,2019-03,2019-10
customer40,2019-03,2019-12
customer400,2019-07,2019-10
customer401,2019-03,2020-01
customer402,2019-07,2020-02
customer403,2019-12,2020-01
customer404,2019-03,2019-08
customer405,2019-11,2019-12
customer406,2020-02,2020-02
customer407,2019-03,2019-11
customer408,2019-11,2019-11
customer409,2019-11,2019-12
customer41,2019-04,2020-02
customer410,2019-03,2019-06
customer411,2019-03,2019-06
customer412,2019-03,2019-05
customer413,2019-03,2019-04
customer414,2019-05,2019-06
customer415,2019-11,2019-12
customer416,2019-09,2020-02
customer417,2019-12,2019-12
customer418,2019-03,2019-08
customer419,2019-03,2020-02
customer42,2019-03,2020-02
customer420,2019-07,2019-12
customer421,2019-03,2019-04
customer422,2019-03,2019-10
customer423,2020-01,2020-02
customer424,2019-03,2019-08
customer425,2019-03,2020-02
customer426,2019-12,2020-02
customer427,2019-03,2020-02
customer428,2019-07,2019-07
customer429,2019-03,2020-02
customer43,2019-07,2019-09
customer430,2019-03,2019-06
customer431,2019-05,2019-09
customer432,2019-10,2020-02
customer433,2019-03,2020-02
customer434,2020-02,2020-02
customer435,2019-03,2020-02
customer436,2019-03,2019-12
customer437,2019-04,2019-12
customer438,2019-03,2019-12
customer439,2019-10,2019-11
customer44,2019-03,2020-02
customer440,2019-04,2019-07
customer441,2019-04,2019-07
customer442,2019-07,2019-07
customer443,2020-01,2020-02
customer444,2019-09,2019-09
customer445,2019-04,2019-06
customer446,2019-07,2019-08
customer447,2019-08,2020-01
customer448,2019-12,2020-02
customer449,2019-03,2019-05
customer45,2019-05,2020-01
customer450,2019-03,2020-02
customer451,2019-03,2020-01
customer452,2019-03,2019-08
customer453,2019-12,2020-01
customer454,2019-03,2019-04
customer455,2019-06,2019-06
customer456,2019-04,2019-11
customer457,2019-03,2020-02
customer458,2019-03,2019-05
customer459,2019-05,2019-06
customer46,2019-03,2019-09
customer460,2019-10,2019-11
customer461,2019-03,2020-02
customer462,2019-08,2019-10
customer463,2019-05,2019-05
customer464,2020-02,2020-02
customer465,2020-01,2020-02
customer466,2019-11,2019-12
customer467,2019-06,2019-11
customer468,2020-02,2020-02
customer469,2019-03,2019-10
customer47,2019-03,2020-02
customer470,2019-03,2020-02
customer471,2019-12,2019-12
customer472,2019-03,2019-03
customer473,2019-10,2019-10
customer474,2019-10,2019-10
customer475,2019-03,2019-03
customer476,2019-07,2019-07
customer477,2019-03,2019-12
customer478,2019-04,2020-02
customer479,2019-03,2019-04
customer48,2019-03,2020-01
customer480,2019-03,2020-01
customer481,2019-08,2020-02
customer482,2019-06,2019-12
customer483,2019-03,2019-03
customer484,2019-04,2019-11
customer485,2019-03,2019-06
customer486,2019-03,2019-06
customer487,2020-02,2020-02
customer488,2019-11,2019-11
customer489,2019-03,2019-03
customer49,2019-06,2019-09
customer490,2019-03,2019-06
customer491,2019-03,2019-04
customer492,2019-03,2019-04
customer493,2019-03,2019-05
customer494,2019-03,2019-05
customer495,2019-03,2019-12
customer496,2019-05,2020-02
customer497,2019-07,2019-10
customer498,2020-01,2020-01
customer499,2019-03,2020-02
customer5,2019-09,2020-02
customer50,2019-03,2020-02
customer500,2019-04,2019-11
customer501,2019-03,2019-12
customer502,2019-03,2019-03
customer503,2019-03,2020-01
customer504,2019-04,2019-04
customer505,2019-04,2019-08
customer506,2019-05,2019-07
customer507,2019-03,2019-11
customer508,2019-03,2020-02
customer509,2019-03,2019-03
customer51,2019-06,2019-08
customer510,2019-07,2020-02
customer511,2019-03,2020-02
customer512,2019-03,2019-10
customer513,2019-03,2020-02
customer514,2019-05,2019-06
customer515,2019-09,2019-12
customer516,2019-08,2020-01
customer517,2019-09,2019-11
customer518,2020-01,2020-01
customer519,2020-01,2020-02
customer52,2019-03,2019-10
customer520,2019-03,2020-02
customer521,2019-05,2019-05
customer522,2019-06,2020-02
customer523,2020-01,2020-02
customer524,2019-04,2019-05
customer525,2019-08,2020-01
customer526,2019-04,2020-01
customer527,2020-01,2020-02
customer528,2019-11,2019-11
customer529,2019-09,2019-09
customer53,2019-03,2020-02
customer530,2019-03,2019-12
customer531,2019-03,2019-03
customer532,2019-11,2019-11
customer533,2019-12,2020-02
customer534,2019-07,2019-11
customer535,2019-03,2019-05
customer536,2019-08,2019-08
customer537,2019-03,2019-12
customer538,2019-03,2019-05
customer539,2019-05,2019-10
customer54,2019-06,2020-02
customer540,2019-03,2019-03
customer541,2019-03,2019-09
customer542,2019-04,2019-04
customer543,2019-03,2019-05
customer544,2019-05,2020-01
customer545,2019-05,2019-05
customer546,2019-03,2019-08
customer547,2019-05,2019-11
customer548,2019-11,2020-02
customer549,2019-09,2020-02
customer55,2019-05,2020-02
customer550,2019-03,2019-11
customer551,2019-03,2019-03
customer552,2019-03,2019-12
customer553,2019-11,2019-12
customer554,2019-03,2019-11
customer555,2020-01,2020-02
customer556,2019-11,2019-11
customer557,2019-04,2019-11
customer558,2019-03,2019-07
customer559,2019-06,2019-12
customer56,2019-03,2020-01
customer560,2020-01,2020-02
customer561,2019-03,2019-10
customer562,2019-06,2019-09
customer563,2019-03,2020-01
customer564,2020-02,2020-02
customer565,2019-03,2019-03
customer566,2019-03,2019-09
customer567,2019-03,2020-02
customer568,2019-03,2019-11
customer569,2019-06,2020-01
customer57,2019-03,2020-02
customer570,2019-10,2019-11
customer571,2019-12,2020-01
customer572,2019-07,2019-09
customer573,2019-03,2020-01
customer574,2019-10,2020-02
customer575,2019-03,2020-01
customer576,2019-08,2019-08
customer577,2019-03,2019-03
customer578,2019-09,2019-12
customer579,2019-04,2020-02
customer58,2019-03,2020-02
customer580,2019-03,2020-02
customer581,2019-06,2020-02
customer582,2019-03,2019-04
customer583,2019-04,2019-08
customer584,2019-03,2020-01
customer585,2019-03,2019-03
customer586,2019-03,2019-03
customer587,2019-12,2020-02
customer588,2020-01,2020-01
customer589,2019-03,2019-03
customer59,2019-03,2020-02
customer590,2019-03,2019-03
customer591,2019-12,2020-02
customer592,2019-03,2019-05
customer593,2019-03,2019-04
customer594,2019-11,2019-11
customer595,2019-03,2019-07
customer596,2019-03,2019-06
customer597,2019-05,2019-05
customer598,2019-07,2019-10
customer599,2019-05,2019-06
customer6,2019-03,2019-03
customer60,2019-03,2020-02
customer600,2019-03,2020-01
customer601,2019-03,2019-03
customer602,2019-06,2020-02
customer603,2019-12,2020-02
customer604,2019-07,2019-07
customer605,2019-03,2019-03
customer606,2019-11,2020-01
customer607,2020-02,2020-02
customer608,2019-03,2019-05
customer609,2019-12,2020-02
customer61,2019-03,2020-02
customer610,2019-03,2019-05
customer611,2019-03,2019-09
customer612,2019-04,2019-12
customer613,2019-11,2020-02
customer614,2019-03,2019-10
customer615,2019-03,2020-01
customer616,2019-04,2019-05
customer617,2019-09,2020-02
customer618,2019-04,2019-04
customer619,2019-05,2020-02
customer62,2019-03,2020-01
customer620,2019-07,2019-10
customer621,2019-10,2020-02
customer622,2019-10,2020-02
customer623,2019-03,2019-07
customer624,2019-11,2019-12
customer625,2019-09,2019-09
customer626,2020-01,2020-02
customer627,2019-03,2019-06
customer628,2019-07,2020-02
customer629,2019-03,2019-07
customer63,2019-05,2020-02
customer630,2019-03,2019-03
customer631,2019-03,2019-04
customer632,2019-09,2019-10
customer633,2019-03,2019-08
customer634,2019-03,2019-06
customer635,2019-10,2019-11
customer636,2019-03,2020-02
customer637,2019-12,2020-01
customer638,2019-05,2020-02
customer639,2019-04,2019-10
customer64,2019-03,2020-02
customer640,2019-09,2019-12
customer641,2019-05,2019-06
customer642,2019-04,2019-12
customer643,2019-03,2019-06
customer644,2019-09,2019-10
customer645,2019-03,2019-03
customer646,2019-03,2020-01
customer647,2019-03,2019-04
customer648,2019-07,2019-07
customer649,2019-05,2019-12
customer65,2019-03,2020-02
customer650,2019-06,2020-02
customer651,2019-12,2020-02
customer652,2019-03,2019-06
customer653,2019-12,2020-02
customer655,2020-02,2020-02
customer656,2019-03,2019-04
customer657,2019-03,2020-01
customer658,2020-02,2020-02
customer659,2019-08,2019-09
customer66,2019-03,2019-04
customer660,2019-10,2019-10
customer661,2019-03,2019-08
customer662,2019-08,2020-02
customer663,2019-12,2019-12
customer664,2019-09,2019-12
customer665,2019-03,2019-07
customer666,2020-01,2020-01
customer667,2019-12,2020-01
customer668,2019-10,2019-11
customer669,2019-03,2020-02
customer67,2019-07,2019-07
customer670,2019-08,2019-09
customer671,2019-03,2019-10
customer672,2019-04,2019-12
customer673,2019-08,2020-02
customer674,2019-06,2020-01
customer675,2019-06,2019-12
customer676,2020-01,2020-01
customer677,2020-01,2020-01
customer678,2019-03,2019-08
customer679,2020-01,2020-02
customer68,2019-03,2020-02
customer680,2020-01,2020-02
customer681,2020-02,2020-02
customer682,2019-03,2019-08
customer683,2019-03,2019-04
customer684,2020-01,2020-01
customer685,2019-03,2019-07
customer686,2019-11,2020-02
customer687,2019-04,2019-10
customer688,2019-05,2019-09
customer689,2019-04,2019-07
customer69,2019-03,2020-02
customer690,2019-04,2019-12
customer691,2020-02,2020-02
customer692,2019-03,2019-03
customer693,2019-03,2019-05
customer694,2019-03,2019-12
customer695,2019-08,2019-08
customer696,2019-03,2019-06
customer697,2019-10,2020-02
customer698,2019-12,2019-12
customer699,2019-03,2019-04
customer7,2019-04,2020-02
customer70,2019-05,2020-02
customer700,2019-08,2020-02
customer701,2019-04,2019-04
customer702,2019-09,2019-09
customer703,2019-03,2019-11
customer704,2019-09,2019-09
customer705,2019-05,2019-05
customer706,2019-03,2019-12
customer707,2019-03,2019-11
customer708,2019-04,2020-02
customer709,2019-04,2019-04
customer71,2019-03,2020-02
customer710,2019-03,2019-04
customer711,2019-03,2019-03
customer712,2019-07,2019-07
customer713,2020-02,2020-02
customer714,2019-04,2019-09
customer715,2019-03,2019-03
customer716,2019-05,2019-05
customer717,2019-10,2020-02
customer718,2019-09,2019-12
customer719,2019-03,2019-12
customer72,2019-03,2020-02
customer720,2019-06,2019-06
customer721,2019-03,2019-04
customer722,2019-04,2019-05
customer723,2019-04,2019-04
customer724,2019-05,2019-05
customer725,2020-01,2020-01
customer726,2019-06,2019-06
customer727,2019-03,2019-04
customer728,2019-03,2019-04
customer729,2019-08,2019-08
customer73,2019-12,2020-02
customer730,2019-04,2019-12
customer731,2019-06,2019-06
customer732,2019-04,2019-05
customer733,2019-03,2019-08
customer734,2019-03,2019-05
customer735,2019-05,2019-06
customer736,2019-03,2019-09
customer737,2019-03,2019-07
customer738,2019-11,2019-12
customer739,2019-03,2020-01
customer74,2019-03,2019-12
customer740,2019-06,2019-06
customer741,2019-12,2019-12
customer742,2019-04,2019-06
customer743,2019-04,2019-07
customer744,2020-02,2020-02
customer745,2019-12,2019-12
customer746,2020-02,2020-02
customer747,2019-04,2019-05
customer748,2019-03,2019-09
customer749,2019-05,2019-05
customer75,2019-06,2020-02
customer750,2019-04,2019-11
customer751,2019-08,2020-02
customer752,2019-11,2019-11
customer753,2019-07,2019-07
customer754,2019-03,2019-08
customer755,2019-12,2019-12
customer756,2019-11,2020-02
customer757,2019-03,2019-08
customer758,2019-03,2019-04
customer759,2019-03,2019-10
customer76,2019-03,2019-07
customer760,2019-03,2019-03
customer761,2019-03,2019-06
customer762,2019-09,2019-10
customer763,2019-04,2019-08
customer764,2019-03,2019-12
customer765,2020-01,2020-01
customer766,2019-11,2020-02
customer767,2019-10,2020-02
customer768,2019-12,2019-12
customer769,2019-06,2019-06
customer77,2019-06,2019-07
customer770,2019-10,2019-10
customer771,2019-11,2019-12
customer772,2019-05,2019-12
customer773,2019-05,2020-02
customer774,2019-03,2019-03
customer775,2019-03,2019-07
customer776,2019-03,2019-07
customer777,2019-05,2019-09
customer778,2019-04,2020-02
customer779,2019-12,2019-12
customer78,2019-04,2019-07
customer780,2019-03,2020-02
customer781,2019-03,2019-03
customer782,2019-04,2019-06
customer783,2019-03,2019-06
customer784,2019-11,2019-11
customer785,2019-11,2019-12
customer786,2019-03,2019-03
customer787,2019-03,2019-04
customer788,2019-08,2019-08
customer789,2019-04,2019-07
customer79,2019-08,2020-02
customer790,2019-03,2019-03
customer791,2019-05,2019-05
customer792,2019-08,2019-09
customer793,2020-01,2020-01
customer794,2019-03,2019-03
customer795,2019-04,2019-04
customer796,2019-09,2019-10
customer797,2019-06,2019-06
customer798,2019-10,2020-02
customer799,2019-10,2020-02
customer8,2019-06,2019-11
customer80,2019-03,2020-02
customer800,2019-03,2019-05
customer801,2019-08,2019-08
customer802,2020-01,2020-02
customer803,2019-06,2019-06
customer804,2020-01,2020-01
customer805,2019-03,2019-03
customer806,2019-12,2020-01
customer807,2019-03,2020-01
customer808,2019-08,2019-08
customer809,2020-02,2020-02
customer81,2019-03,2020-02
customer810,2019-12,2020-02
customer811,2020-02,2020-02
customer812,2019-03,2020-01
customer813,2019-03,2020-02
customer814,2019-05,2020-02
customer815,2019-03,2019-04
customer816,2019-10,2020-01
customer817,2019-07,2019-07
customer818,2019-10,2019-10
customer819,2019-04,2019-10
customer82,2019-03,2020-02
customer820,2019-06,2019-06
customer821,2019-04,2019-12
customer822,2019-10,2020-02
customer823,2019-09,2019-09
customer824,2019-07,2020-02
customer825,2019-03,2019-06
customer826,2019-06,2019-06
customer827,2019-09,2019-09
customer828,2019-10,2019-10
customer829,2020-01,2020-02
customer83,2019-03,2020-02
customer830,2019-03,2019-11
customer831,2019-04,2019-09
customer832,2019-07,2019-07
customer833,2019-04,2019-07
customer834,2019-05,2019-06
customer835,2019-10,2020-01
customer836,2020-01,2020-02
customer837,2019-09,2019-11
customer838,2019-03,2019-07
customer839,2019-03,2019-03
customer84,2019-03,2019-11
customer840,2019-04,2019-04
customer841,2019-03,2019-05
customer842,2019-03,2020-02
customer843,2020-02,2020-02
customer844,2019-11,2019-11
customer845,2019-03,2019-08
customer846,2020-02,2020-02
customer847,2019-05,2019-09
customer848,2020-02,2020-02
customer849,2019-11,2020-02
customer85,2019-12,2020-02
customer850,2019-11,2019-11
customer851,2019-10,2019-10
customer852,2019-05,2019-05
customer853,2020-01,2020-02
customer854,2019-10,2019-10
customer855,2019-03,2020-01
customer856,2019-05,2019-09
customer857,2019-03,2019-03
customer858,2020-02,2020-02
customer859,2019-07,2019-08
customer86,2019-05,2020-02
customer860,2019-06,2019-10
customer861,2019-06,2019-06
customer862,2019-03,2019-03
customer863,2019-03,2019-10
customer864,2019-03,2019-10
customer865,2019-07,2019-07
customer866,2019-09,2019-09
customer867,2019-10,2020-02
customer868,2019-03,2019-05
customer869,2019-04,2019-06
customer87,2019-03,2020-02
customer870,2019-04,2019-05
customer871,2019-12,2019-12
customer872,2020-02,2020-02
customer873,2020-01,2020-01
customer874,2019-05,2019-05
customer875,2019-05,2019-09
customer876,2019-10,2019-11
customer877,2020-01,2020-01
customer878,2019-06,2019-07
customer879,2019-05,2019-05
customer88,2019-03,2020-02
customer880,2019-06,2020-02
customer881,2019-07,2019-07
customer882,2019-04,2019-04
customer883,2019-06,2019-12
customer884,2019-04,2019-04
customer885,2019-08,2019-08
customer886,2019-04,2019-05
customer887,2020-02,2020-02
customer888,2019-03,2019-04
customer889,2019-06,2019-10
customer89,2019-03,2020-02
customer890,2019-06,2019-06
customer891,2019-12,2020-01
customer892,2019-04,2019-06
customer893,2019-03,2019-03
customer894,2019-03,2019-05
customer895,2019-11,2019-12
customer896,2019-12,2019-12
customer897,2019-05,2019-08
customer898,2019-03,2019-04
customer899,2019-03,2019-10
customer9,2019-05,2020-02
customer90,2019-05,2019-05
customer900,2019-03,2019-05
customer901,2019-04,2019-07
customer902,2020-01,2020-01
customer903,2019-05,2019-07
customer904,2019-03,2019-03
customer905,2019-03,2020-02
customer906,2019-03,2019-08
customer907,2019-03,2019-04
customer908,2019-03,2019-04
customer909,2019-04,2019-04
customer91,2019-03,2019-12
customer910,2019-11,2020-02
customer911,2019-03,2019-06
customer912,2019-03,2019-03
customer913,2019-03,2020-02
customer914,2019-03,2019-10
customer915,2019-05,2019-12
customer916,2020-01,2020-02
customer917,2019-05,2020-02
customer918,2019-11,2019-11
customer919,2019-12,2019-12
customer92,2019-11,2019-11
customer920,2019-09,2019-10
customer921,2019-03,2019-10
customer922,2019-08,2020-02
customer923,2019-03,2019-04
customer924,2019-08,2019-09
customer925,2019-10,2019-12
customer926,2019-03,2019-03
customer927,2019-12,2020-02
customer928,2019-03,2019-03
customer929,2019-10,2020-01
customer93,2019-03,2020-02
customer930,2019-03,2020-02
customer931,2019-06,2019-06
customer932,2019-12,2019-12
customer933,2019-03,2020-02
customer934,2019-03,2019-03
customer935,2019-11,2020-02
customer936,2019-03,2019-03
customer937,2019-12,2020-01
customer938,2019-11,2020-01
customer939,2019-12,2019-12
customer94,2019-03,2020-02
customer940,2019-04,2019-05
customer941,2019-09,2020-02
customer942,2019-04,2019-10
customer943,2019-03,2019-10
customer944,2020-02,2020-02
customer945,2019-04,2020-02
customer946,2019-03,2019-07
customer947,2019-12,2020-02
customer948,2019-04,2019-07
customer949,2019-06,2019-08
customer95,2020-02,2020-02
customer950,2020-01,2020-01
customer951,2019-08,2019-08
customer952,2019-06,2019-06
customer953,2019-05,2019-06
customer954,2019-06,2019-06
customer955,2020-01,2020-01
customer956,2019-09,2019-09
customer957,2019-03,2019-03
customer958,2019-08,2020-01
customer959,2019-11,2020-02
customer96,2019-03,2020-02
customer960,2019-12,2020-01
customer961,2019-06,2019-06
customer962,2019-03,2019-04
customer963,2020-01,2020-02
customer964,2019-04,2019-04
customer965,2019-09,2019-09
customer966,2019-06,2020-02
customer967,2019-03,2019-03
customer968,2019-05,2019-05
customer969,2019-07,2019-12
customer97,2019-05,2020-02
customer970,2019-05,2019-07
customer971,2020-02,2020-02
customer972,2019-04,2019-10
customer973,2019-04,2019-10
customer974,2019-12,2020-02
customer975,2019-11,2019-11
customer976,2019-05,2019-05
customer977,2019-07,2020-01
customer978,2019-03,2019-03
customer979,2019-08,2019-08
customer98,2019-03,2020-01
customer980,2019-03,2020-02
customer981,2019-09,2019-09
customer982,2019-05,2019-05
customer983,2019-04,2019-04
customer984,2019-12,2020-02
customer985,2019-06,2019-06
customer986,2019-09,2019-09
customer987,2019-10,2020-01
customer988,2019-03,2019-04
customer989,2019-10,2019-11
customer99,2019-03,2020-02
customer990,2019-07,2019-09
customer991,2019-10,2019-10
customer992,2019-06,2019-09
customer993,2020-02,2020-02
customer994,2019-03,2019-12
customer995,2019-05,2020-02
customer996,2019-03,2019-09
customer997,2019-09,2019-09
customer998,2019-11,2019-11
customer999,2019-03,2019-03
